-- phpMyAdmin SQL Dump
-- version 2.11.0-rc1
-- http://www.phpmyadmin.net
--
-- Host: localhost

-- Erstellungszeit: 27. Januar 2009 um 11:45
-- Server Version: 5.0.26
-- PHP-Version: 5.2.0


-- Damit die Autowerte nicht neu vergeben werden:
SET SQL_MODE="NO_AUTO_VALUE_ON_ZERO";



-- Die Prüfung der Indexes ausschalten - sollte nicht gemacht werden, damit keine inkonsistente Daten geladen werden.
-- SET global LOG_QUERIES_NOT_USING_INDEXES=TRUE;


--
-- Datenbank: 'BuchDB'
--

-- --------------------------------------------------------

-- --------------------------------------------------------

--
-- Tabellenstruktur für Tabelle 'Autor'
--

CREATE TABLE IF NOT EXISTS Autor (
  AutorId int(11) NOT NULL auto_increment,
  Name varchar(40) character set utf8 collate utf8_unicode_ci NOT NULL,
  Vorname varchar(20) collate utf8_unicode_ci NOT NULL,
  Beschreibung varchar(40) collate utf8_unicode_ci default NULL,
  PRIMARY KEY  (AutorId),
  UNIQUE KEY Autorname (Name, Vorname),
  index Namensuche (Name)
) ENGINE=InnoDB DEFAULT CHARSET=utf8 COLLATE=utf8_unicode_ci AUTO_INCREMENT=241 ;
--
-- Daten für Tabelle 'Autor'
--

INSERT INTO Autor (AutorId, Name, Vorname, Beschreibung) VALUES
(1, 'Follet', 'Ken', NULL),
(2, 'Erdmann-Degenhardt', 'Antje', NULL),
(3, 'This-Benkhardt', 'Herve', 'Lebensmittelchemiker'),
(4, 'St Exupery', 'Antoine', NULL),
(5, 'Forsyth', 'Frederick', NULL),
(6, 'Noll', 'Ingrid', NULL),
(7, 'Cramm, von', 'Dagmar', NULL),
(8, 'Piroue', 'Susi', NULL),
(9, 'Basieux', 'Pierre', NULL),
(10, 'Lück', 'Gisela', NULL),
(11, 'Quevremont', 'Catherine', NULL),
(12, 'Pontavice, du', 'Gilles', NULL),
(13, 'Pontavice, du', 'Bleuzen', NULL),
(14, 'Deseine', 'Trish', NULL),
(15, 'Gautrand', 'Jean-Claude', NULL),
(16, 'Adams', 'Douglas', NULL),
(17, 'Ludlum', 'Robert', NULL),
(19, 'Shreve', 'Anita', NULL),
(20, 'Puzo', 'Mario', NULL),
(21, 'Christie', 'Agatha', NULL),
(22, 'Simenon', 'Georges', NULL),
(23, 'Grisham', 'John', NULL),
(24, 'Coelho', 'Paolo', NULL),
(25, 'Carwardine', 'Mark', NULL),
(26, 'Karamanolis', 'Stratis', NULL),
(27, 'Schwartz', 'Joseph', NULL),
(28, 'McGuinness', 'Michael', NULL),
(29, 'Balibar', 'Francoise', NULL),
(30, 'Kahan', 'Gerald', NULL),
(31, 'Edmaier', 'Bernhard', NULL),
(32, 'Bachmann', 'Bill', NULL),
(33, 'Nachtigall Prof. Dr.', 'Werner', NULL),
(34, 'Blüchel', 'Kurt G.', NULL),
(35, 'Goscinny', 'Rene', NULL),
(36, 'Uderzo', 'Albert', NULL),
(37, 'Hawking', 'Stephen W.', NULL),
(38, 'Mordden', 'Ethan', NULL),
(39, 'Vincent', 'Gabrielle', NULL),
(40, 'bruna', 'dick', NULL),
(41, 'Disney', '', NULL),
(42, 'Fowler', 'Richard', NULL),
(43, 'Norac', 'Carl', NULL),
(44, 'Dubois', 'Claude K', NULL),
(45, 'Cousins', 'Lucy', NULL),
(46, 'Greban', 'Quentin', NULL),
(47, 'Paasilinna', 'Arto', 'finnischer Autor'),
(48, 'McVicar', 'Jekka', NULL),
(49, 'Russell', 'Vivian', NULL),
(50, 'Roux', 'Michel', NULL),
(51, 'Devereux Fayard', 'Judith', NULL),
(52, 'Sälzer', 'Sabine', NULL),
(53, 'Ruschitzka', 'Gudrun', NULL),
(54, 'Arjouni', 'Jakob', NULL),
(55, 'Ouellette', 'Pierre', NULL),
(56, 'Gulland', 'Sandra', NULL),
(57, 'Kerr', 'Philip', NULL),
(58, 'Dodson', 'Daniel B.', NULL),
(59, 'Slaughter', 'Frank G.', NULL),
(60, 'Lescroart', 'John T.', NULL),
(61, 'le Carre', 'John', NULL),
(62, 'Smith', 'Murray', NULL),
(63, 'Hailey', 'Arthur', NULL),
(64, 'Crichton', 'Michael', NULL),
(65, 'Eliot', 'Lise', NULL),
(66, 'Krauss', 'Lawrence M.', NULL),
(67, 'Gedge', 'Pauline', NULL),
(68, 'Tolstoi', 'Leo N.', NULL),
(69, 'Fritzsch', 'Harald', NULL),
(70, 'Irwin', 'Grace', NULL),
(71, 'Hanstein, von', 'Otfried', NULL),
(72, 'Stuckrad-Barre,von', 'Benjamin', NULL),
(73, 'Irving', 'John', NULL),
(74, 'Singh', 'Simon', NULL),
(75, 'Scott', 'Walter', NULL),
(76, 'Helgason', 'Hallgrimur', NULL),
(77, 'Fitch', 'Janet', NULL),
(78, 'Harris', 'Robert', NULL),
(79, 'Hoff', 'Benjamin', NULL),
(80, 'Suter', 'Martin', NULL),
(81, 'Ritzel', 'Ulrich', NULL),
(82, 'Conde', 'Nicholas', NULL),
(83, 'Gillespie', 'Donna', NULL),
(84, 'Scheibler', 'Susanne', NULL),
(85, 'ONULLReilly', 'Victor', NULL),
(86, 'Gaskin', 'Catherine', NULL),
(87, 'Wallace', 'Lewis', NULL),
(88, 'Hitchcock', 'Alfred', NULL),
(89, 'Scott', 'Justin', NULL),
(90, 'Ridpath', 'Michael', NULL),
(91, 'Block', 'Thomas H.', NULL),
(92, 'Morgan', 'Marlo', NULL),
(93, 'DeMille', 'Nelson', NULL),
(94, 'Jones', 'Bruce', NULL),
(95, 'Dewdney', 'A. K.', NULL),
(96, 'Pfister', 'Marcus', NULL),
(97, 'de Häen', 'Wolfgang', NULL),
(98, 'Steffens', 'Kristina', NULL),
(99, 'Fechner', 'Amrei', NULL),
(100, 'Scarry', 'Richard', NULL),
(101, 'Risom', 'Ole', NULL),
(102, 'Miller', 'John P.', NULL),
(103, 'Iwamura', 'Kazuo', NULL),
(104, 'Weigelt', 'Udo', NULL),
(105, 'Piepenbrink', 'Anne-Katrin', NULL),
(106, 'Hallensleben', 'Georg', NULL),
(107, 'Banks', 'Kate', NULL),
(108, 'Probst', 'Petra', NULL),
(109, 'Hofbauer', 'Friedl', NULL),
(110, 'Wright', 'Cliff', NULL),
(111, 'Pitcher', 'Caroline', NULL),
(112, 'Künzler-Behncke', 'Rosemarie', NULL),
(113, 'Pledger', 'Maurice', NULL),
(114, 'Grimm', 'Brüder', NULL),
(115, 'Heinemann', 'Erich', NULL),
(116, 'Baumgarten', 'Fritz', NULL),
(118, 'Michels', 'Tilde', NULL),
(119, 'Burtler', 'John', NULL),
(120, 'Bond', 'Michael', NULL),
(121, 'Metzger', 'Wolfgang', 'Illustration'),
(122, 'Reichenstetter', 'Friedrun', NULL),
(123, 'Kunstreich', 'Pieter', NULL),
(124, 'Fujikawa', 'Gyo', NULL),
(125, 'Droop', 'Constanza', NULL),
(127, 'Mennen', 'Patricia', NULL),
(128, 'Trapp', 'Kyrima', NULL),
(129, 'Lucht', 'Irmgard', NULL),
(130, 'Bos', 'Burny', NULL),
(131, 'de Beer', 'Hans', NULL),
(132, 'Lenzen', 'Hans Georg', NULL),
(133, 'Hanck', 'Sigrid', NULL),
(134, 'Feix-Mag', 'Daniela', NULL),
(135, 'Thelwell', 'David', NULL),
(136, 'Ostheeren', 'Ingrid', NULL),
(137, 'Mathieu', 'Agnes', NULL),
(138, 'Migutsch', 'ali', NULL),
(139, 'Lionni', 'Leo', NULL),
(140, 'Hänel', 'Wolfram', NULL),
(141, 'Rudolph', 'Annet', NULL),
(142, 'Scheffler', 'Ursula', NULL),
(143, 'Gider', 'Iskender', NULL),
(144, 'Napp', 'Daniel', NULL),
(145, 'Tielmann', 'Christian', NULL),
(146, 'Adrian', 'Christine', NULL),
(147, 'Heinsohn', 'ingrid', NULL),
(148, 'Heine', 'Helme', NULL),
(149, 'Fix', 'Philippe', NULL),
(150, 'Weninger', 'Brigitte', NULL),
(151, 'Tharlet', 'Eve', NULL),
(152, 'Stern', 'Christina', NULL),
(153, 'Cannon', 'Jannell', NULL),
(155, 'Johansson', 'George', NULL),
(156, 'Holtmann', 'Michael', NULL),
(157, 'Holz', 'Helmut', NULL),
(158, 'Schmitt', 'Bernd', NULL),
(159, 'Tikart', 'Andreas', NULL),
(160, 'Neumeyer', 'Heico', NULL),
(161, 'Lehner', 'Burkhard', NULL),
(162, 'Hein', 'Jochen', NULL),
(163, 'Münz', 'Stefan', NULL),
(164, 'Nefzger', 'Wolfgang', NULL),
(165, 'Barth', 'Wolfgang', NULL),
(166, 'Heller', 'Eva', NULL),
(167, 'Chevallier', 'Andrew', NULL),
(168, 'Bourgeois', 'Elisabeth', NULL),
(169, 'Weinhold', 'Angela', NULL),
(170, 'Rübel', 'Doris', NULL),
(171, 'Holzwarth-Raether', 'Ulrike', NULL),
(172, 'Waddell', 'Martin', NULL),
(173, 'Obrecht', 'Bettina', NULL),
(174, 'Engelking', 'Katrin', NULL),
(175, 'Fox-Davies', 'Sarah', NULL),
(176, 'Selig', 'Stefan', NULL),
(177, 'Lobe', 'Mira', NULL),
(178, 'Ebert', 'Anne', NULL),
(179, 'Reider', 'Katja', NULL),
(180, 'Muller', 'Gerda', NULL),
(181, 'Spanner', 'Helmut', NULL),
(182, 'Parish', 'Steve', NULL),
(183, 'Korschunow', 'Irina', NULL),
(184, 'Michl', 'Reinhard', NULL),
(185, 'Kokai', 'Albert', NULL),
(186, 'Markwart', 'Hilde', NULL),
(187, 'Koch', 'Wolfgang', NULL),
(188, 'Toll', 'Claudia', NULL),
(189, 'Guettier', 'Benedictine', NULL),
(190, 'Laszig', 'Christiane', NULL),
(191, 'Fänger', 'Rolf', NULL),
(192, 'Möltgen', 'Ulrike', NULL),
(194, 'Ahlbom', 'Jens', NULL),
(195, 'Kadmon', 'Christina', NULL),
(196, 'Wiencirz', 'Gerlinde', NULL),
(197, 'Mais', 'Susanne', NULL),
(198, 'Carolat', 'Greta', NULL),
(199, 'Holscher', 'Claus', NULL),
(200, 'Schönwalter', 'Horst', NULL),
(201, 'Seife', 'Charles', NULL),
(202, 'Randow, von', 'Gero', NULL),
(203, 'Abedi', 'Isabel', NULL),
(204, 'Neuendorf', 'Silvio', NULL),
(205, 'Hoyer', 'Andrea', NULL),
(206, 'Burningham', 'John', NULL),
(207, 'Gliori', 'Debi', NULL),
(208, 'Treiber', 'Jutta', NULL),
(209, 'Simmons', 'Jane', NULL),
(210, 'Helings', 'Colette', NULL),
(211, 'Cratzius', 'Barbara', NULL),
(212, 'Thönissen', 'Ute', NULL),
(213, 'Bliesener', 'Klaus', NULL),
(214, 'Cuno-Poehlmann', 'Sabine', NULL),
(215, 'Henze', 'Dagmar', NULL),
(216, 'Franz', 'Andreas', NULL),
(218, 'Cockburn', 'Alistair', NULL),
(219, 'Maor', 'Eli', NULL),
(220, 'Blatner', 'David', NULL),
(221, 'Bohatta', 'Ida', NULL),
(222, 'Baron-Cohen', 'Simon', 'Psychloge'),
(223, 'Sick', 'Bastian', NULL),
(225, 'Feynman', 'Richard P.', 'genialer Physiker'),
(226, 'Beutelspacher', 'Albrecht', 'Mathematiker'),
(227, 'Nothomb', 'Amelie', 'schreibt abgedrehte Geschichten'),
(228, 'Pennac', 'Daniel', NULL),
(229, 'Gritzmann', 'Peter', NULL),
(231, 'Enzensberger', 'Hans Magnus', 'Mathematiker'),
(232, 'Englert', 'Sylvia', NULL),
(233, 'Jäger', 'Stefan', NULL),
(234, 'Sautoy, du', 'Marcus', NULL),
(235, 'Gößling', 'Andreas', NULL),
(236, 'Hechelmann', 'Friedrich', 'Maler'),
(237, 'Glonegger', 'Erwin', NULL),
(238, 'Ende', 'Michael', NULL),
(239, 'Saward', 'Jeff', NULL),
(240, 'Fuchshuber', 'Annegret', NULL),
(241, 'De Marco', 'Tom', NULL),
(242, 'Schöning', 'Uwe', NULL),
(243, 'Peterson', 'Ivars', NULL);


-- --------------------------------------------------------
--
-- Tabellenstruktur für Tabelle 'Buchsorte'
--

CREATE TABLE IF NOT EXISTS Buchsorte (
  BuchsorteId int(11) NOT NULL auto_increment,
  Name varchar(20) collate utf8_unicode_ci NOT NULL,
  Beschreibung varchar(40) collate utf8_unicode_ci,
  PRIMARY KEY  (BuchsorteId)
) ENGINE=InnoDB DEFAULT CHARSET=utf8 COLLATE=utf8_unicode_ci AUTO_INCREMENT=27 ;

--
-- Daten für Tabelle 'Buchsorte'
--

INSERT INTO Buchsorte (BuchsorteId, Name, Beschreibung) VALUES
(1, 'Krimi', 'Kriminalromane'),
(2, 'Thriller', NULL),
(3, 'math Sachbuch', 'Sachbuch über spezielle mathematische Themen'),
(4, 'Bildband', 'Buch mit grossformatigen Bildern'),
(5, 'Kochbuch', 'veschiedene Kochrezepte: Desserts, Hauptspiesen, Suppen usw.'),
(6, 'Backbuch', 'Nur Backrezepte'),
(7, 'Lexikon', NULL),
(8, 'Lehrbuch', 'Buch zur Weiterbildung'),
(9, 'Kinderbuch', NULL),
(10, 'Bilderbuch', 'Kinderbuch mit fast gar keinem Text'),
(11, 'Comic', NULL),
(12, 'Satire', NULL),
(13, 'Atlas', NULL),
(14, 'Kindersachbuch', 'kindgerechtes Sachbuch'),
(15, 'Sachbuch', 'Buch mit Bildern, Texten und Erklärungen'),
(16, 'Science Fiction', NULL),
(17, 'Roman', 'Allgemeiner Roman'),
(18, 'wiss. Sachbuch', 'wissenschaftliches Sachbuch'),
(19, 'lustiges Sachbuch', NULL),
(20, 'Gartenbuch', NULL),
(21, 'Medizinbuch', NULL),
(22, 'Ratgeber', NULL),
(23, 'Reiseführer', NULL),
(24, 'Erzählung', NULL),
(25, 'Computertechnik', NULL),
(26, 'Geschichtensammlung', NULL);


-- --------------------------------------------------------

-- --------------------------------------------------------

--
-- Tabellenstruktur für Tabelle 'Verlag'
--

CREATE TABLE IF NOT EXISTS Verlag (
  VerlagId int(11) NOT NULL auto_increment,
  Kurzname varchar(10) collate utf8_unicode_ci default NULL,
  Name varchar(20) collate utf8_unicode_ci NOT NULL,
  Ort varchar(20) collate utf8_unicode_ci default NULL,
  Postleitzahl varchar(5) collate utf8_unicode_ci default NULL,
  Strasse varchar(30) collate utf8_unicode_ci default NULL,
  Internetadresse varchar(30) collate utf8_unicode_ci default NULL,
  Beschreibung varchar(40) collate utf8_unicode_ci default NULL,
  PRIMARY KEY  (VerlagId)
) ENGINE=InnoDB DEFAULT CHARSET=utf8 COLLATE=utf8_unicode_ci AUTO_INCREMENT=118 ;

--
-- Daten für Tabelle 'Verlag'
--

INSERT INTO Verlag (VerlagId, Kurzname, Name, Ort, Postleitzahl, Strasse, Internetadresse, Beschreibung) VALUES
(1, '', 'Oetinger', '', '', '', '', ''),
(3, '', 'Piper', '', '', '', '', ''),
(4, 'diogenes', 'Diogenes Verlag AG', 'Zürich', '', '', 'www.diogenes.ch', ''),
(5, 'Ravensburg', 'Otto Maier Vaerlag', 'Ravensburg', '', '', 'www.ravensburger.de', ''),
(6, 'blv', 'blv Verlagsgesellsch', 'München', '80797', '', '', ''),
(7, 'ars', 'ars edition', '', '', '', '', ''),
(8, '', 'Spektrum akademische', 'Heidelberg Berlin', '', '', '', ''),
(9, '', 'Gruner + Jahr', 'Hamburg', '', '', '', ''),
(10, '', 'W .Hölker GmbH', 'Münster', '', '', '', ''),
(11, 'GU', 'Gräfe und Unzer', 'München', '', '', 'www.gu-online.de', ''),
(12, '', 'Springer-Verlag', 'Berlin und Heidelber', '', '', '', ''),
(13, 'rororo', 'Rowohlt Taschenbuch ', 'Hamburg', '', '', '', ''),
(14, '', 'Herder', 'Freiburg', '', '', 'www.herder.de', ''),
(15, '', 'Marabout', '', '', '', 'www.marabout.com', ''),
(16, '', 'Editions Ouest-Franc', '', '', '', '', ''),
(17, 'dtv', 'deutscher Taschenbuc', 'München', '', '', 'www.dtv.de', ''),
(18, '', 'taschen gmbH', 'Köln', '50672', '', 'www.taschen.com', ''),
(19, '', 'zweitausendeins', 'Frankfurt', '', '', '', ''),
(20, 'Heyne', 'WilhelmHeyne Verlag ', 'München', '', '', '', ''),
(22, '', 'Pantheon Books', 'New York', '', '', '', ''),
(23, '', 'Elektra Verlags GmbH', 'Neubiberg bei Münche', '', '', '', ''),
(24, '', 'Dargaud', '', '', '', '', ''),
(25, 'dva', 'Deutsch Verlagsansta', 'München', '', '', '', ''),
(26, '', 'frederking & thaler', 'München', '', '', '', ''),
(27, '', 'Bertelsmann Club Gmb', 'Gütersloh', '', '', '', ''),
(28, '', 'Hoffmann und Campe', 'Hamburg', '', '', '', ''),
(29, '', 'Rogner & Bernhard Gm', 'Hamburg', '', '', '', ''),
(30, '', 'Mijade', '', '', '', '', ''),
(31, '', 'editions Play Bac', '', '', '', '', ''),
(32, '', 'Albin Michel Jeuness', '', '', '', 'www.albin-michel.fr', ''),
(33, '', 'castermann', '', '', '', 'www.castermann.com', ''),
(34, '', 'lutin poche', '', '', '', '', ''),
(35, '', 'Beascoa', '', '', '', '', ''),
(36, '', 'Ekdosis Pataki', '', '', '', '', ''),
(37, '', 'Disney Press', '', '', '', 'www.disneybooks.com', ''),
(38, '', 'Methuen Childrens Bo', 'London', '', '', '', ''),
(39, '', 'bruna books', '', '', '', '', ''),
(40, 'droemer', 'Droemersche Verlagsa', 'München', '', '', 'www.droemer-knaur.de', ''),
(41, 'lübbe (blt', 'Verlagsgruppe Lübbe ', 'Bergisch Gladbach', '', '', 'www.luebbe.de', ''),
(42, 'Dumont', 'DUMONT Buchverlag', 'Köln', '', '', 'www.dumont.de', ''),
(43, 'monte', 'DuMont Buchverlag', 'Köln', '', '', 'www.dumont.de', ''),
(44, 'Teubner Ed', '', 'Füssen', '', '', '', ''),
(45, 'GU', 'Gräfe un Unzer GmbH', 'München', '', '', '', ''),
(46, 'Solar', 'Editions Solar', '', '', '', '', ''),
(47, 'könemann', 'Könemann Verlagsgese', 'Köln', '', '', '', ''),
(48, 'Bertelsman', 'Bertelsmann Club Gmb', 'Rheda-Wiedenbrück', '', '', '', ''),
(49, '', 'Lingen Verlag', 'Köln', '', '', '', ''),
(50, 'Krüger', 'Wolfgang Krüger Verl', 'Frankfurt am Main', '', '', '', ''),
(51, 'wunderlich', 'Rowohlt Verlag GmbH', 'Reinbek bei Hamburg', '', '', '', ''),
(52, '', 'Berlin Verlag', 'Berlin', '', '', '', ''),
(53, 'Goldmann', 'Random House GmbH', '', '', '', 'www.goldmann-verlag.de', ''),
(54, '', 'Verlag Karl Müller', 'Erlangen', '', '', '', ''),
(55, '', 'deutsch Buchvertrieb', 'Berlin-Düsseldorf', '', '', '', ''),
(56, '', 'Klett-Cotta', 'Stuttgart', '', '', '', ''),
(57, 'Hanser', 'Carl Hanser Verlag', 'München Wien', '', '', '', ''),
(58, 'btb', 'Goldmann Verlag', '', '', '', 'www.btb-verlag.de', ''),
(59, 'hestia', 'Hestia Verlag GmbH', 'Bayreuth', '', '', '', ''),
(61, 'list', 'Paul List Verlag', 'München', '', '', '', ''),
(63, '', 'Verlag Herrnberger', 'München', '', '', '', ''),
(64, 'Birkhäuser', 'Birkhäuser Verlag', 'Basel', '', '', '', ''),
(65, 'Nord-Süd', 'Nord-Süd Verlag AG', 'Zürich, Hamburg, Sal', '', '', '', ''),
(66, 'Pattloch', 'Pattloch Verlag BmbH', 'München', '', '', '', ''),
(67, 'Annette Be', 'Annette Betz Verlag', 'München', '', '', '', ''),
(68, 'Neugebauer', 'Michel Neugebauer Ve', '', '', '', '', ''),
(69, 'Moritz', 'Moritz Verlag', 'Frankfurt am Main', '', '', '', ''),
(70, 'Findling', 'Findling Buchverlag ', 'Lüneburg', '21339', '', '', ''),
(71, 'meisinger', 'Meisinger Verlag', 'München', '', '', '', ''),
(72, 'Carlsen', 'Carlsen Verlag GmbH', 'Hamburg', '', '', '', ''),
(73, 'Bücherbär', 'Arena Verlag', 'Würzburg', '', '', '', ''),
(74, 'esslinger', 'esslinger Verlag', '', '', '', '', ''),
(75, 'Ellermann', 'Verlag Heinrich Elle', 'München', '', '', '', ''),
(76, 'Alfred Hah', 'Alfred Hahns Verlag', 'Esslingen', '', '', '', ''),
(77, 'Edition Pe', 'Egmont Pestalozzi Ve', 'München', '', '', '', ''),
(78, '', 'Jugendbuchverlag', '', '', '', '', ''),
(79, 'Middelhauv', 'Middelhauve Verlags ', 'München', '', '', '', ''),
(80, '', 'Wolfgang Mann Verlag', 'Berlin', '', '', '', ''),
(81, 'Sauerlände', 'Verlag Sauerländer', 'Aarau, Frankfurt am ', '', '', '', ''),
(82, 'Omnibus', 'Nord-Süd Verlag Ag', '', '', '', 'www.omnibus-verlag.de', ''),
(83, 'Pestalozzi', 'Pestalozzi-Verlag', 'Erlangen', '', '', '', ''),
(84, 'Addison-We', 'Addison Wesley Longm', 'München', '', '', 'www.addison-wesley.de', ''),
(85, 'Markt&Tech', 'Markt&Technik Buch- ', 'München', '', '', 'www.mut.com', ''),
(86, 'ITP', 'International Thomso', 'Bonn', '', '', '', ''),
(87, 'SuSE Press', 'SuSe GmbH', 'Nürnberg', '', '', 'www.suse.de', ''),
(88, 'Franzis''', 'Franzis'' Verlag GmbH', 'Poing', '', '', 'www.franzis.de', ''),
(89, 'Büchergild', 'Büchergilde Gutenber', 'Frankfurt am Main', '', '', '', ''),
(90, 'DK', 'Dorling Kindersley V', 'München', '', '', 'www.dk.com', ''),
(91, 'Mosaik', 'Mosaik Verlag GmbH', 'München', '', '', '', ''),
(92, 'christian', 'Christian Verlag', 'München', '', '', '', ''),
(93, '', 'Edition Riesenrad', 'Hamburg', '', '', '', ''),
(94, 'Weltbild', 'weltbild Verlag GmbH', 'Augsburg', '', '', '', ''),
(95, 'Jungbrunne', 'Verlag Jungbrunnen', 'München', '', '', '', ''),
(96, 'Steveparis', 'Steve Parish Publish', 'Queensland, Australi', '', '', '', ''),
(97, 'Middlehauv', 'Middlehauve Verlags ', 'München', '', '', '', ''),
(98, 'in medias ', 'in medias res Verlag', 'Landsberg', '', '', '', ''),
(99, 'Klett', 'Ernst Klett Grundsch', 'Leipzig', '', '', '', ''),
(100, 'unipart', '', '', '', '', '', ''),
(101, 'coppenrath', 'Coppenrath Verlag', 'Münster', '', '', '', ''),
(102, 'KeRLE', 'KeRLE im Verlag Herd', 'Freiburg', '', '', '', ''),
(103, 'beltz', 'Beltz & Gelberg', 'Weinheim Basel', '', '', '', ''),
(104, 'junior int', 'J. F. Schreiber', 'Esslingen', '', '', '', ''),
(105, 'Schott', 'Schott Musik Interna', '', '', '', '', ''),
(106, 'Knaur', 'Knaur Taschenbuchver', 'München', '', '', 'www.knaur.de', ''),
(107, 'orbis', 'Orbis Verlag', 'München', '', '', '', ''),
(108, 'Patmos', 'Patmos Verlag GmbH&C', 'Düsseldorf', '', '', '', ''),
(109, 'Kiepenheue', 'Verlag Kiepenheuer &', 'Hamburg', '', '', '', ''),
(110, 'campus', 'Campus Verlag', 'Frankfurt', '', '', 'www.campus.de', ''),
(111, 'KiWi', 'Kiepenheuer & Witsch', 'Köln', '', '', '', ''),
(112, 'C. H. Beck', 'Verlag C.H.Beck oHG', 'München', '', '', '', ''),
(113, 'Drei Magie', 'Drei Magier Verlag', 'Uehlfeld', '91486', '', 'www.dreimagierspiele.de', ''),
(114, 'AT', 'AT Verlag', 'Aarau und München', '', '', 'www.at-verlag.de', ''),
(115, 'Thienemann', 'Thienemann Verlag Gm', 'Stuttgart/Wien', '', '', 'www.thienemann.de', ''),
(116, '', 'Modern Times', 'Athen', '', '', '', ''),
(117, 'meyer', 'Meyers Lexikonverlag', 'Mannheim', '', '', 'www.meyerslexikonverlag.de', ''),
(118, 'Hanser', 'Carl Hanser Verlag', 'München', NULL, NULL, 'www.hanser.de', NULL);




-- --------------------------------------------------------

--
-- Tabellenstruktur für Tabelle 'Buch'
--

CREATE TABLE IF NOT EXISTS Buch (
  BuchId int(11) NOT NULL auto_increment,
  ISBNnummer varchar(20) collate utf8_unicode_ci NOT NULL,
  Titel varchar(50) collate utf8_unicode_ci NOT NULL,
  Untertitel varchar(60) collate utf8_unicode_ci default NULL,
  VerlagId int(11) default NULL,
  Erscheinungsjahr year(4) default NULL,
  BuchsorteId int(11) default NULL,
  Kurzbeschreibung varchar(100) collate utf8_unicode_ci default NULL,
  Preis decimal(10,3) default NULL,
  Auflage varchar(20) collate utf8_unicode_ci default NULL,
  Sprache enum('deutsch','englisch','französisch','spanisch','griechisch') collate utf8_unicode_ci default NULL,
  Titelbild varchar(70) collate utf8_unicode_ci default NULL,
  foreign key b_buchsorteloeschen (BuchsorteId)  references Buchsorte(BuchsorteId)  On delete set null,
  foreign key b_verlagloeschen (VerlagId)  references Verlag(VerlagId)  On delete set null,
  primary key (BuchId),
  index titelsuche (Titel, Untertitel)
) ENGINE=InnoDB DEFAULT CHARSET=utf8 COLLATE=utf8_unicode_ci AUTO_INCREMENT=357 ;


--
-- Daten für Tabelle 'Buch'
--

INSERT INTO Buch (BuchId, ISBNnummer, Titel, Untertitel, VerlagId, Erscheinungsjahr, BuchsorteId, Kurzbeschreibung, Preis, Auflage, Sprache, Titelbild) VALUES
(1, '3-88117-556-3', 'Marzipan', '', 7, 2003, 5, 'lauter Marzipanrezepte', 16.000, '', 'deutsch', ''),
(3, '3-451-04811-6', 'Leichte Experimente f€r Eltern und Kinder', '', 14, 2000, 15, '', 8.900, '', 'deutsch', ''),
(4, '4', 'Atelier Erde', '', 6, 1999, 4, '', 49.000, '', 'deutsch', ''),
(7, '3-7742-2722-5', 'Kochvergnügen vegetarisch', '', 11, 1996, 5, '', 14.900, '', 'deutsch', ''),
(8, '3-7742-1540-5', 'Die echte französische Küche', '', 11, 1994, 5, '', 15.000, '', 'deutsch', ''),
(9, '3--499-60883-9', 'Die Top Ten der schönsten mathematischen S€tze', '', 13, 2002, 3, '', 8.900, '', 'deutsch', ''),
(10, '3-492-23458-5', 'Rätsel und Geheimnisse der Kochkunst', '', 12, 2001, 5, '', 15.000, '', 'deutsch', ''),
(11, '2501 04053 8 - 40 39', 'tartes tatin', '', 15, 2003, 5, '', 7.900, '', 'französisch', ''),
(12, '2.7373.2175.1', 'La cuisine de la Loire', '', 16, 1997, 5, '', 15.000, '', 'französisch', ''),
(13, '2 50103769-3 - 40.34', 'je veux du chocolat', '', 15, 2002, 5, '', 15.900, '', 'französisch', ''),
(14, '3-423-09408-7', 'Woher kommt ihr? Neugriechisches Lesebuch', '', 17, 2001, 8, '', 9.000, '', 'griechisch', ''),
(15, '3-423-09279-3', 'erste spanische Lesestücke', '', 17, 2003, 8, '', 2.000, '', 'spanisch', ''),
(16, '3-8228-1612-4', 'Robert Doisneau 1912-1994', '', 18, 2003, 4, '', 10.000, '', '', ''),
(17, '3 8077 0205 9', 'Das Leben das Universum und der ganze Rest', '', 19, 2000, 1, '', 4.490, '', 'deutsch', ''),
(18, '3 8077 01710', 'Per Anhalter durch die Galaxis', '', 19, 1979, 16, '', 4.500, '', 'deutsch', ''),
(19, '3 8077 0192 3', 'Das Restaurant am Ende des Universums', '', 19, 1980, 16, '', 4.490, '', 'deutsch', ''),
(20, '3-453-06115-2', 'Die Letzten ihrer Art', '', 20, 1990, 19, '', 4.500, '', 'deutsch', ''),
(21, '3-8077-0211-3', 'Macht''s gut und danke für den Fisch', '', 19, 1984, 16, '', 4.500, '', 'deutsch', ''),
(22, '3-7701-1852-9', 'Einsteins Relativitätstheorie', '', 42, 1983, 15, '', 8.000, '', 'deutsch', ''),
(23, '3-473-51049-1', 'Einstein', '', 5, 2000, 15, '', 6.000, '', 'deutsch', ''),
(24, '0-679-72510-5', 'Einstein for Beginners', '', 22, 1979, 15, '', 5.000, '', 'englisch', ''),
(25, '3-922238-97-1', 'Einstein für Jedermann', '', 23, 1992, 15, '', 7.000, '', 'deutsch', ''),
(26, '2-205-001345', 'Asterix Gladiateur', '', 24, 1964, 11, '', 8.000, '', 'französisch', ''),
(27, '3-421-05379-0', 'Das grosse Buch der Bionik', '', 5, 2001, 15, '', 20.000, '', 'deutsch', ''),
(28, '3-89405-344-5', 'Australiens Farben', '', 26, 1994, 4, '', 0.000, '', 'deutsch', ''),
(29, '3-492-22840-2', 'Das Gewicht des Wassers', '', 3, 1999, 1, '', 8.000, '', 'deutsch', ''),
(30, '3-257-06126-9', 'Der Alchimist', '', 4, 1996, 17, '', 10.000, '', 'deutsch', ''),
(31, '3-257-06017-3', 'Die Apothekerin', '', 4, 1994, 1, '', 10.000, '', 'deutsch', ''),
(32, '041590', 'Eine kurze Geschichte der Zeit', '', 27, 1988, 15, '', 12.950, '', 'deutsch', ''),
(33, '3-455-11135-1', 'Fit mit Pu', '', 28, 1997, 19, '', 8.000, '', 'deutsch', ''),
(34, '3-8077-0285-7', 'Einmal Rupert und zurück', '', 29, 1993, 16, '', 12.000, '', 'deutsch', ''),
(35, '3807702261', 'Der elektrische Mönch', '', 29, 1988, 16, '', 12.000, '', 'deutsch', ''),
(36, '3-8077-0262-8', 'Der tiefere Sin des Labenz', '', 29, 1992, 7, '', 9.000, '', 'deutsch', ''),
(37, '2-203-55075-9', 'Ernest et Celestine Le labyrinthe', '', 33, 1998, 9, '', 7.900, '', 'französisch', ''),
(38, '416 28020 X', 'circus', '', 39, 1963, 9, '', 2.000, '', 'englisch', ''),
(40, '960-600-067-2', 'ta arkoudakia', '', 36, 1997, 9, '', 4.000, '', 'griechisch', ''),
(41, '84-488-08053', 'El arbol de la miel', '', 37, 1999, 9, '', 8.000, '', 'spanisch', ''),
(42, '2 211 061 192', 'Bonjour. mon petit coeur', '', 34, 2002, 9, '', 5.000, '', '', ''),
(43, '2-203-52502-9', 'Ernest et Celestine musiciens dans la rue', '', 33, 2003, 9, '', 4.950, '', 'französisch', ''),
(44, '2 226 08243 3', 'Mimi va dormir', '', 32, 2002, 9, '', 6.000, '', 'französisch', ''),
(45, '2-84203-382-5', 'L''imagerie Photos de Moustilou la souris', '', 31, 2001, 9, '', 8.000, '', 'französisch', ''),
(46, '2-87142-353-9', 'Suzette', '', 30, 2000, 9, '', 5.000, '', 'französisch', ''),
(47, '3-7607-1702-0', 'Das Geheimnis von Pistoulet', '', 7, 1996, 5, 'Eine Geschichte €ber Essen. Nagie und Liebe', 15.000, '', 'deutsch', ''),
(48, '3-7607-1750-0', 'Das Geheimnis der Villa della Luna', '', 7, 1997, 5, 'Der Traum von Pistoulet geht weiter', 15.000, '', 'deutsch', ''),
(49, '3-426-27027-7', 'La bonne Grand-Mere', 'Die traditionelle Landküche Frankreichs', 40, 2000, 5, '', 19.000, '', 'deutsch', ''),
(50, '3-426-27166-4', 'La Cucina della Mamma', 'Traditionelle Rezepte aus Italien', 40, 2000, 5, '', 17.000, '', 'deutsch', ''),
(51, '3-404-92054-6', 'Die Giftköchin', '', 41, 1998, 1, '', 7.900, '', 'deutsch', ''),
(52, '3-405-15421-9', 'Eßbare Blüten', 'Rezepte für Genießer', 6, 2000, 5, '', 14.950, '', 'deutsch', ''),
(53, '3-7701-3646-2', 'Monets Garten', 'im Wechsel der Jahreszeiten', 42, 1996, 20, '', 18.000, '', 'deutsch', ''),
(54, '2-263-02588-X', 'Le livre des Sauces', '200 recettes salees et sucrees', 46, 1997, 5, '', 15.000, '', 'französisch', ''),
(55, '3-7742-1538-3', 'Die echte deutsche Küche', '', 45, 1993, 5, '', 10.000, '', 'deutsch', ''),
(56, '3-426-27164-8', 'Provence', 'Einladung zum genießen', 40, 2000, 5, '', 15.000, '', 'deutsch', ''),
(57, '3-7701-8579-x', 'Tapas', 'Die Klassiker der spanischen Vorspeisen', 43, 2000, 5, '', 15.000, '', 'deutsch', ''),
(58, '3-7742-1549-9', 'Backen', 'Die 100 besten Rezepte aus aller Welt', 44, 1995, 6, '', 16.000, '', 'deutsch', ''),
(59, '3-7742-5227-0', 'Kalte Küche köstlich wie noch nie', '', 45, 1992, 5, '', 15.000, '', 'deutsch', ''),
(60, '3-7742-5870-8', 'Desserts', '', 45, 1994, 5, '', 9.950, '', 'deutsch', ''),
(61, '3-7742-5836-8', 'Fisch', '', 45, 1986, 5, '', 15.000, '', 'deutsch', ''),
(62, '3-7742-2790-x', 'Orient - Eine kulinarische Entdeckungsreise', '', 45, 2002, 5, '', 15.000, '', 'deutsch', ''),
(63, '3-8290-0592-x', 'Quiches & Herzhaftes Gebäck', '', 47, 1998, 5, '', 4.490, '', 'deutsch', ''),
(64, '3-7701-4609-3', 'Alles Käse! Die besten Sorten der Welt', '', 42, 2000, 5, '', 10.000, '', 'deutsch', ''),
(65, '3-7742-1919-2', 'Das große Buch der Schokolade', '', 44, 1998, 5, '', 30.000, '', 'deutsch', ''),
(66, '3-257-06333-4', 'Idioten. Fünf Märchen', '', 4, 2003, 12, '', 15.000, '', 'deutsch', ''),
(67, '3-8105-0871-3', 'Josephine', '', 50, 1999, 17, '', 12.000, '', 'deutsch', ''),
(68, '3-8105-0872-1', 'Josephine und Napoleon', '', 50, 2000, 17, '', 12.000, '', 'deutsch', ''),
(69, '074245', 'Kaiserin Josephine', '', 48, 2001, 17, '', 0.000, '', 'deutsch', ''),
(70, '3-453-08693-x', 'Die Deus Maschine', '', 20, 1995, 17, '', 12.000, '', 'deutsch', ''),
(71, '3 8052 0649 6', 'Der zweite Engel', '', 51, 2000, 2, '', 12.000, '', 'deutsch', ''),
(73, '?', 'Alles oder nichts', '', 49, 2000, 17, '', 8.000, '', 'deutsch', ''),
(74, '03533 7', 'Der Tag vor der letzten Nacht', '', 48, 1980, 17, '', 10.000, '', 'deutsch', ''),
(75, '03023 9', 'Das Indiz', '', 48, 1995, 17, '', 12.000, '', 'deutsch', ''),
(76, '01472 0', 'Das Rußland Haus', '', 48, 1989, 2, '', 12.000, '', 'deutsch', ''),
(77, '06682 9', 'Der Jongleur des Teufels', '', 48, 1995, 2, '', 12.000, '', 'deutsch', ''),
(78, '047258', 'Bittere Medizin', '', 48, 1986, 2, '', 12.000, '', 'deutsch', ''),
(79, '04598 9', 'Airframe', '', 48, 1997, 2, '', 12.000, '', 'deutsch', ''),
(80, '03368 8', 'Reporter', '', 48, 1990, 2, '^', 12.000, '', 'deutsch', ''),
(81, '3-8270-0204-4', 'Was geht da drinnen vor?', 'die Gehirnentwicklung in den ersten 5 Lebensjahren', 52, 2002, 15, '', 20.000, '', 'deutsch', ''),
(82, '3-421-02772-2', 'Nehmen wir an die Kuh ist eine Kugel...', '', 25, 1996, 15, '', 9.000, '', 'deutsch', ''),
(83, '3-499-15360-2', 'Die Herrin vom Nil', 'Roman einer Pharaonin', 13, 1981, 17, '', 9.900, '19.', 'deutsch', ''),
(84, '588', 'Anna Karenina', '', 48, 2000, 17, '', 0.000, '', 'deutsch', ''),
(85, '3-492-03737-2', 'Die verbogene Raumzeit', 'Newton. Einstein und die Gravitation', 3, 1996, 15, '', 12.000, '', 'deutsch', ''),
(86, '1', 'Kleopatra', '', 55, 1950, 17, '', 0.000, '', 'deutsch', ''),
(87, '1', 'Die Karriere', '', 55, 2000, 17, '', 0.000, '', 'deutsch', ''),
(88, '3-7857-2059-9', 'Das zweite Gedächtnis', '', 41, 2001, 2, '', 12.000, '', 'deutsch', ''),
(89, '1', 'Ivanhoe', '', 54, 2000, 24, '', 0.000, '', 'deutsch', ''),
(90, '3-423-33052-x', 'Fermats letzter Satz', 'Die abenteuerliche Geschichte eines mathematischen Rätsels', 17, 2003, 3, '', 10.000, '8', 'deutsch', ''),
(91, '3-423-33071-6', 'Geheime Botschaften', 'Die Kunst der Verschlüsselung von der Antike bis in die Zeit', 17, 2000, 3, '', 12.530, '', 'deutsch', ''),
(92, '3-257-21837-0', 'Gottes Werk und Teufels Beitrag', '', 4, 1990, 17, '', 12.900, '', 'deutsch', ''),
(93, '3-442-4503-1', 'Soloalbum', '', 53, 2002, 17, '', 7.900, '', 'deutsch', ''),
(94, '024489', 'Der Spion der aus der Kälte kam', '', 48, 1964, 2, '', 0.000, '', 'deutsch', ''),
(95, '3-446-20169-6', 'Codes', 'Die Kunst der Verschlüsselung (Die Geschichte Die Geheimniss', 57, 2001, 3, '', 12.000, '', 'deutsch', ''),
(96, '3-608-93069-8', '101 Reykjavik', '', 56, 1996, 17, '', 0.000, '', 'deutsch', ''),
(97, '3-570-02424-5', 'Die Faust Gottes', '', 48, 1994, 2, '', 12.000, '', 'deutsch', ''),
(98, '03871 1', 'Das vierte Protokoll', '', 48, 1984, 2, '', 10.000, '', 'deutsch', ''),
(99, '3-492-03300-8', 'Der Unterhändler', '', 3, 1989, 2, '', 12.000, '', 'deutsch', ''),
(100, '3-492-03464-0', 'McCreadys Doppelspiel', '', 3, 1991, 2, '', 12.000, '', 'deutsch', ''),
(101, '00995 1', 'Das schwarze Manifest', '', 48, 1996, 2, '', 12.000, '', 'deutsch', ''),
(102, '3-492-01932-3', 'Der Schakal', '', 3, 1986, 2, '', 12.000, '12', 'deutsch', ''),
(103, '00990 2', 'Des Teufels Alternative', '', 48, 1985, 2, '', 12.000, '', 'deutsch', ''),
(104, '3-7857-2016-5', 'Weißer Oleander', '', 41, 2000, 17, '', 12.000, '', 'deutsch', ''),
(105, '028100', 'Enigma', '', 48, 1995, 2, '', 12.000, '', 'deutsch', ''),
(106, '032441', 'Der große Eisenbahnraub', '', 48, 1975, 2, '', 0.000, '', 'deutsch', ''),
(107, '3-423-20271-8', 'Pu der Bär. Ferkel und die Tugend des Nichtstuns', 'Der weise Bär auf den Spuren des Lao-Tse', 17, 1999, 24, '', 8.000, '', 'deutsch', ''),
(108, '3-257-23301-9', 'Die dunkle Seite des Mondes', '', 4, 2001, 2, '', 9.900, '', 'deutsch', ''),
(110, '3-442-73010-4', 'Die schwarzen Ränder der Glut', '', 58, 2001, 1, '', 9.000, '1', 'deutsch', ''),
(111, '3-442-72800-2', 'Der schatten des Schwans', '', 58, 2002, 1, '', 9.000, '1', 'deutsch', ''),
(112, '3-453-19619-8', 'Der Prometheus-Verrat', '', 20, 2000, 2, '', 12.000, '', 'deutsch', ''),
(113, '041129', 'Das Matarese Mosaik', '', 48, 1998, 2, '', 12.000, '', 'deutsch', ''),
(114, '020842', 'Das Kastler Manuskript', '', 48, 1981, 2, '', 12.000, '', 'deutsch', ''),
(115, '3-7770-0385-9', 'Der Ikarus-Plan', '', 59, 1988, 2, '', 12.000, '3', 'deutsch', ''),
(116, '068247', 'Die Scorpio Illusion', '', 48, 1994, 2, '', 12.000, '', 'deutsch', ''),
(117, '3-7770-0235-6', 'Das Parsifal Mosaik', '', 59, 1982, 2, '', 12.000, '2', 'deutsch', ''),
(118, '3-455-04569-3', 'Das Borowski-Ultimatum', '', 28, 1990, 2, '', 12.000, '1', 'deutsch', ''),
(119, '020404', 'Die Borowski-Herrschaft', '', 48, 1986, 2, '', 12.000, '1', 'deutsch', ''),
(120, '047969', 'Der Holcroft Vertrag', '', 48, 2000, 2, '', 12.000, '', 'deutsch', ''),
(121, '045278', 'Die Aquitaine Verschwörung', '', 48, 2000, 2, '', 12.000, '', 'deutsch', ''),
(122, '3-7770-0198-8', 'Der Matarese Bund', '', 59, 1982, 2, '', 12.000, '4', 'deutsch', ''),
(123, '047662', 'Tödliche Brandung', '', 48, 1991, 17, '', 10.000, '', 'deutsch', ''),
(124, '062059', 'Dr. Harrisons Versuchung', '', 48, 1983, 17, '', 10.000, '', 'deutsch', ''),
(125, '041574', 'May Day', '', 48, 1979, 17, '', 10.000, '', 'deutsch', ''),
(126, '3-442-30631-0', 'Traum Fänger', '', 53, 1995, 17, '', 12.000, '18', 'deutsch', ''),
(127, '064360', 'Airship', '', 48, 1984, 17, '', 12.000, '', 'deutsch', ''),
(128, '3-455-06325-x', 'Feindliche Übernahme', '', 28, 2000, 2, '', 12.000, '1', 'deutsch', ''),
(129, '047191', 'Sein Name war ''Otter''', '', 48, 2000, 17, '', 12.000, '', 'deutsch', ''),
(130, '049809', 'Das Erbe der Marquesa', '', 48, 1977, 17, '', 10.000, '', 'deutsch', ''),
(131, '3-492-03550-7', 'Henkerspiel', '', 3, 1991, 2, '', 12.000, '', 'deutsch', ''),
(132, '037887', 'Tanja', '', 48, 1984, 17, '', 10.000, '', 'deutsch', ''),
(133, '000356', 'Mondfeuer', '', 48, 1994, 17, '', 12.000, '', 'deutsch', ''),
(134, '3-471-77232-4', 'Tief im Wald', '', 61, 1989, 2, '', 12.000, '', 'deutsch', ''),
(135, '1', 'Ben Hur', '', 63, 2000, 17, '', 0.000, '', 'deutsch', ''),
(136, '3-7643-5021-0', '200 Prozent von Nichts', 'Die geheimen Tricks der Statistik und andere Schwindelein mi', 64, 1994, 15, '', 9.000, '', 'deutsch', ''),
(137, '3-935541-26-0', 'Vierzehn Mäuse im tiefen Winter', '', 70, 1983, 9, '', 5.000, '', 'deutsch', ''),
(138, '3-89337-128-1', 'Vierzehn Mäuse machen Picknick', '', 71, 1988, 9, '', 2.000, '', 'deutsch', ''),
(139, '3-895541-27-9', 'Vierzehn Mäuse und das Waldfest', '', 70, 1992, 9, '', 5.000, '', 'deutsch', ''),
(140, '3 89565 1389', 'Augen zu. kleiner Tiger', '', 69, 2002, 9, '', 10.000, '', 'deutsch', ''),
(141, '3-85195-608-7', 'Wenn der wilde Wombat kommt', '', 68, 2000, 9, '', 10.000, '', 'deutsch', ''),
(142, '3-219-10628-5', 'Der Heidelbeerbär', '', 67, 1996, 9, '', 10.000, '', 'deutsch', ''),
(143, '3-473-30893-5', 'F€hl mal die kleine Ente', '', 5, 2000, 9, '', 10.000, '', 'deutsch', ''),
(144, '3-629-00412-1', 'Was suchst du. kleiner Bär?', '', 66, 2001, 9, '', 12.000, '', 'deutsch', ''),
(145, '3 473 30151 5', 'Ich bin die kleine Maus', '', 5, 1967, 9, '', 5.000, '', 'deutsch', ''),
(146, '3-473-30293-7', 'Ich bin der kleine Tiger', '', 5, 1992, 9, '', 10.000, '', 'deutsch', ''),
(147, '3-473-30152-3', 'Ich bin der kleine Hase', '', 5, 1995, 9, '', 2.000, '37', 'deutsch', ''),
(148, '3-473-30159-0', 'Ich habe ein Dreirad', '', 5, 1984, 9, '', 2.000, '', 'deutsch', ''),
(149, '3-473-30295-3', 'Ich bin der kleine Fuchs', '', 5, 1990, 9, '', 1.000, '', 'deutsch', ''),
(150, '3-314-00958-5', 'Der gl€ckliche Mischka', '', 65, 2000, 9, '', 12.000, '', 'deutsch', ''),
(151, '3-473-33954-7', 'Ich sehe was. was du nicht siehst...', 'Ein Natur-Bilderbuch mit 26 Türchen zum Hineinschauen und En', 5, 2000, 9, '', 12.000, '', 'deutsch', ''),
(152, '3-473-33280-1', 'Wieso? Weshalb? Warum? Wir entdecken die Ritterbur', '', 5, 2000, 14, '', 12.950, '', 'deutsch', ''),
(153, '020107', 'Wieso? Weshalb? Warum? Auf der Baustelle', '', 5, 1999, 14, '', 12.950, '', 'deutsch', ''),
(154, '3-473-33268-2', 'Wieso? Weshalb? Warum? Alles über Dinosaurier', '', 5, 2000, 14, '', 12.950, '', 'deutsch', ''),
(155, '3-473-33273-9', 'Wieso? Weshalb? Warum? Wir entdecken unseren Körpe', '', 5, 1998, 14, '', 12.950, '', 'deutsch', ''),
(156, '3-473-33270-4', 'Wieso? Weshalb? Warum? Auf dem Bauernhof', '', 5, 1998, 14, '', 12.950, '', 'deutsch', ''),
(157, '3-551-51151-9', 'Guten Morgen. lieber Tag!', '', 72, 1979, 9, '', 0.000, '2', 'deutsch', ''),
(158, '3-401-08118-7', 'Klitzekleine Tiergeschichten', '', 73, 2001, 9, '', 10.000, '', 'deutsch', ''),
(159, '3-473-30477-8', 'Aufladen - Abfahren', 'zum Aufklappen', 5, 1998, 9, '', 12.000, '', 'deutsch', ''),
(160, '03636 8', 'Paddington', '', 93, 1999, 9, '', 10.000, '', 'deutsch', ''),
(161, '3-480-21508-4', 'Pi-Shu. der kleine Panda', '', 74, 2001, 9, '', 12.950, '', 'deutsch', ''),
(162, '3-7707-6258-4', 'Es klopft bei Wanja in der Nacht', '', 75, 1985, 9, '', 12.000, '', 'deutsch', ''),
(163, '3-87286-281-2', 'Siebenpünktchen', '', 76, 2003, 9, '', 9.000, '', 'deutsch', ''),
(164, '3-614-38914-6', 'F€hle. Suche. Z€hle Tiere und Pflanzen im Dschunge', '', 77, 2000, 9, '', 12.950, '', 'deutsch', ''),
(165, '3-401-08166-7', 'Mein erstes Märchenbuch', 'Die sch€nsten M€rchen der B€der Grimm', 73, 2001, 9, '', 10.000, '4', 'deutsch', ''),
(166, '?', 'Familie Wichtel', '', 78, 1962, 9, '', 0.000, '', 'deutsch', ''),
(167, '3-8320-8807-5', 'Kinderlieder', '', 43, 2003, 9, '', 10.000, '', 'deutsch', ''),
(168, '3-551-51471-2', 'Willy Werkel baut ein Auto', '', 72, 1994, 9, '', 12.000, '', 'deutsch', ''),
(169, '3-7876-9745-4', 'Swimmy', '', 79, 2000, 9, '', 2.000, '', 'deutsch', ''),
(170, '3-551-51497-6', 'Verdi', '', 72, 1999, 9, '', 5.000, '', 'deutsch', ''),
(171, '3-551-41464-x', 'Stellaluna', '', 72, 1998, 9, '', 5.000, '5', 'deutsch', ''),
(172, '3-314-01093-1', 'Der kleine Dino', '', 65, 2001, 9, '', 3.950, '', 'deutsch', ''),
(173, '017079', 'Wenn kleine Bären müde werden', '', 48, 2000, 9, '', 10.000, '', 'deutsch', ''),
(174, '3-89565-097-8', 'Die Kuschelinsel', '', 69, 1999, 9, '', 5.000, '', 'deutsch', ''),
(175, '3-89565-070-6', 'Ich hab euch so lieb!', '', 69, 2001, 9, '', 5.000, '3', 'deutsch', ''),
(176, '3-85195-705-9', 'Pauli- Du schlimmer Pauli!', '', 68, 2001, 9, '', 4.000, '2', 'deutsch', ''),
(177, '3-257-25046-0', 'Serafin und seine Wundermaschine', '', 4, 1980, 9, '', 2.950, '', 'deutsch', ''),
(178, '3-257-25106-8', 'Die Abenteurer', '', 4, 1999, 9, '', 2.950, '', 'deutsch', ''),
(179, '3-570-21000-6', 'Der Regenbogenfisch', '', 82, 2002, 9, '', 3.000, '', 'deutsch', ''),
(180, '3-473-33862-1', 'Ferien am Meer', '', 5, 1988, 9, '', 2.000, '', 'deutsch', ''),
(181, '3-7941-4701-4', 'Bauer Beck fährt weg', '', 81, 2001, 9, '', 12.000, '', 'deutsch', ''),
(182, '3-473-33452-9', 'Der Hasenfranz in der Stadt', '', 5, 1995, 9, '', 6.000, '', 'deutsch', ''),
(183, '3-473-33279-8', 'Wieso? Weshalb? Warum? Alles über die Eisenbahn', '', 5, 1999, 14, '', 12.950, '', 'deutsch', ''),
(184, '3-314-00675-6', 'der kleine Eisbär und der Angsthase', '', 65, 1998, 9, '', 12.950, '', 'deutsch', ''),
(185, '3-926740-61-2', 'Ein Huhn haut ab', '', 80, 1995, 9, '', 12.950, '', 'deutsch', ''),
(186, '3-7876-9141-5', 'Frederick', '', 79, 2000, 9, '', 12.000, '', 'deutsch', ''),
(187, '3-31401177-6', 'Kleiner Eisb€r hilf mir fliegen!', '', 65, 2001, 9, '', 12.950, '', 'deutsch', ''),
(188, '3-473-33945-8', 'Das große Bauernhof-Spielbuch', '', 5, 1999, 9, '', 12.950, '4', 'deutsch', ''),
(189, '3-935541-88-0', 'Jonathan Die freche Maus', '', 70, 2000, 9, '', 5.000, '', 'deutsch', ''),
(190, '3-614', 'Wohin. kleiner Vogel?', 'ein interaktives Bilderbuch', 83, 1996, 9, '', 7.000, '', 'deutsch', ''),
(191, '3-570-12089-9', 'Viel Spaß mit Onkel Tobi', 'alle Geschichten in einem Band', 48, 1994, 9, '', 10.000, '5', 'deutsch', ''),
(192, '3-314-00782-5', 'Olli der kleine Elefant', '', 65, 1997, 9, '', 5.000, '', 'deutsch', ''),
(193, '661 0409', 'Ringel-Ringel-Reihe!', '', 83, 2000, 9, '', 0.000, '', 'deutsch', ''),
(194, '20680', 'Zehn kleine Negerlein', '', 48, 1963, 9, '', 0.000, '', 'deutsch', ''),
(195, '3-8273-1510-7', 'Linux Systemadministration', 'Einrichtung. Wartung. Software-Updates', 84, 1999, 25, '', 45.950, '3', 'deutsch', ''),
(196, '3-8273-1477-1', 'KDE- und QT-Programmierung', 'GUI-Entwicklung f€r Linux', 84, 1999, 25, '', 39.900, '1', 'deutsch', ''),
(197, '3-8273-5417-5', 'Photoshop 5 für Windows', 'Visuelles Training. Expertentricks f€r Profis. Einstieg Schr', 85, 1998, 25, '', 44.950, '1', 'deutsch', ''),
(198, '3-8266-0432-6', 'LINUX für Internet und Intranet', '2. Aktualisierte und erweiterte Auflage', 86, 1998, 25, '', 35.900, '2', 'deutsch', ''),
(199, '3-934678-40-8', 'Das Firewall Buch', 'Grundlagen. Aufbau und Betrieb sicherer Netzwerke mit Linux', 87, 2001, 25, '', 45.000, '', 'deutsch', ''),
(200, '3-7723-7514-6', 'HTML 4.0 Handbuch', '', 88, 1999, 25, '', 49.000, '', 'deutsch', ''),
(201, '37632 3892 1', 'Wie Farben wirken', 'Farbsymbolik. Farbpsychologie. kreative Farbgestaltung', 89, 1989, 15, '', 10.000, '', 'deutsch', ''),
(202, '3-8274-1026-6', 'Lexikon der Naturwissenschaftler', '', 8, 2000, 15, '', 10.000, '', 'deutsch', ''),
(203, '3-8310-0167-7', 'Das Grosse Lexikon der Heilpflanzen', '', 90, 2001, 15, '', 20.000, '', 'deutsch', ''),
(204, '3-570-04737-7', 'Schwester Bernardines Heilkräuterbuch', '', 91, 1980, 15, '', 0.000, '', 'deutsch', ''),
(205, '3-88472-238-7', 'Provence - Eine kulinarische Reise', '', 92, 1995, 5, '', 20.000, '3', 'deutsch', ''),
(206, '3-576-11661-3', 'provenzalische landhausküche', 'Spezialit€ten aus dem S€den Frankreichs', 91, 2002, 5, '', 10.000, '1', 'deutsch', ''),
(207, '3-473-33252-6', 'Wieso?Weshalb?Warum? Die Uhr und die Zeit', '', 5, 2003, 14, '', 12.950, '1', 'deutsch', ''),
(209, '3-473-33269-0', 'Wieso?Weshab?Warum? Unser Wetter', '', 5, 2003, 14, '', 12.950, '11', 'deutsch', ''),
(210, '3-473-33295-X', 'Wieso?Weshalb?Warum? Wir entdecken die Zahlen', '', 5, 2004, 14, '', 12.950, '1', 'deutsch', ''),
(211, '3-935541-28-7', 'Vierzehn Mäuse machen gro€e W€sche', '', 70, 1990, 9, '', 5.000, '', 'deutsch', ''),
(212, '3-933697-77-8', 'Paddington im Zirkus', '', 93, 2000, 9, '', 0.000, '', 'deutsch', ''),
(213, '3-7941-4951-3', 'Drei Schneebären', '', 81, 2002, 9, '', 12.000, '', 'deutsch', ''),
(214, '3-7891-6952-8', 'Wüstenfreunde', '', 1, 2002, 9, '', 12.000, '', 'deutsch', ''),
(215, '3-7941-4020-6', 'Das kleine Karibu', '', 81, 1996, 9, '', 12.000, '', 'deutsch', ''),
(216, '0-7364-1019-8', 'Tickle me.Pooh!', 'A Touch and Feel Book', 37, 2000, 9, '', 0.000, '', 'englisch', ''),
(217, '3-8289-6000-6', 'Fahr mit auf dem Traktor', '', 94, 2001, 9, '', 0.000, '', 'deutsch', ''),
(219, '3-401-08105-5', 'Ich bin die kleine Eisenbahn', '', 73, 2003, 9, '', 0.000, '', 'deutsch', ''),
(220, '3-7026-4850-X', 'Das kleine Ich bin Ich', '', 95, 1972, 9, '', 10.000, '28', 'deutsch', ''),
(221, '3-7607-7416-4', 'Kennst Du diese Tiere?', 'Mein erstes Gucklochbuch', 7, 2004, 9, '', 10.000, '', 'deutsch', ''),
(222, '3-473-33253-4', 'Wieso? Weshalb? Warum? Technik bei uns zu Hause', '', 5, 2004, 14, '', 12.000, '', 'deutsch', ''),
(223, '004897', 'Mit dir geh ich durch dick und dünn!', 'Die schönsten Vorlese-Geschichten vom Liebhaben und Zusammen', 48, 2002, 9, '', 12.000, '', 'deutsch', ''),
(224, '3-937054-07-3', 'Kleiner Braunbär wovon träumst Du ?', '', 70, 2000, 9, 'kleines Buch', 3.500, '', 'deutsch', ''),
(225, '3-473-33290-9', 'Der Bauernhof', 'Wieso?Weshalb? Warum? Junior', 5, 2004, 9, '', 12.000, '', 'deutsch', ''),
(226, '3-473-30298-8', 'Ich bin das kleine Kaninchen', '', 5, 1988, 9, '', 3.000, '', 'deutsch', ''),
(227, '3-473-31108-1', 'Ich bin die kleine Ente', '', 5, 2003, 9, '', 12.000, '', 'deutsch', ''),
(228, '1-876282-75-4', 'Kangaroos and Wallabies', '', 96, 1999, 9, '', 10.000, '', 'englisch', ''),
(229, '3-314-00769-8', 'Hoppel weiß sich zu helfen', '', 65, 1997, 9, '', 12.000, '', 'deutsch', ''),
(230, '3-7891-6752-5', 'Wuschelbär', '', 1, 1990, 9, '', 12.000, '', 'deutsch', ''),
(231, '3-85195-730-X', 'Pauli - Hilfe ein Gespenst!', '', 68, 2002, 9, '', 12.000, '', 'deutsch', ''),
(232, '3-8289-5947-4', 'Tierbabys in aller Welt', 'Ein Naturbuch f€r Kinder', 94, 1999, 9, '', 7.000, '', 'deutsch', ''),
(233, '3-935475-00-4', 'Schleckis und Schlampis Abenteuer', 'mit der Zahnfee vom blauen Fluss', 98, 2001, 9, '', 0.000, '', 'deutsch', ''),
(235, '3-473-33276-3', 'Wieso? Weshalb? Warum? Tiere in der Nacht', '', 5, 2003, 14, '', 12.950, '', 'deutsch', ''),
(236, '3-89565-066-8', 'Na. du Lauser!', '', 69, 1997, 9, '', 10.000, '', 'deutsch', ''),
(237, '3-12-231225-5', 'Abenteuerland 2', 'Lesebuch', 99, 2001, 8, '', 0.000, '', 'deutsch', ''),
(238, '3-473-30956-7', 'Bei unserer Feuerwehr', '', 5, 2001, 9, '', 8.000, '', 'deutsch', ''),
(239, '3-935541-87-2', 'Jonathan - Die Zaubermaus', '', 70, 2000, 9, '', 5.000, '', 'deutsch', ''),
(240, '3-89755-103-9', 'Die kleinen Dalmatiner', '', 100, 2001, 9, '', 0.000, '', 'deutsch', ''),
(241, '3-8157-1989-5', 'Die Sternenkinder', '', 101, 2000, 9, '', 10.000, '', 'deutsch', ''),
(243, '3-314-01016-8', 'Alex war''s!', '', 65, 2002, 9, '', 12.000, '', 'deutsch', ''),
(244, '3-451-70460-9', 'Halb so schlimm. kleiner Fuchs!', '', 102, 2002, 9, '', 10.000, '', 'deutsch', ''),
(245, '3-401-08060-1', 'Aufräumen? Mach ich morgen!', '', 73, 2002, 9, '', 12.000, '7', 'deutsch', ''),
(246, '3-407-76004-3', 'Freunde', '', 103, 2004, 9, '', 2.000, '', 'deutsch', ''),
(247, '1 1401', 'Die Frösche kommen', '', 104, 1972, 9, '', 0.000, '', 'deutsch', ''),
(248, '3-937054-10-3', 'Kleiner Eisbär kennst du den Weg?', '', 70, 2001, 9, '', 3.950, '', 'deutsch', ''),
(249, '3-499-61905-9', 'Das Ziegenproblem', 'Denken in Wahrscheinlichkeiten', 13, 2004, 3, '', 7.900, '', 'deutsch', ''),
(251, '3-7607-13696', 'Blöde Ziege - Dumme Gans', 'Eine Geschichte um Steit und Vers€hnung', 7, 2002, 9, '', 12.900, '1', 'deutsch', ''),
(252, '3-89565-0412', 'Paco und Paquita', '', 69, 1996, 9, '', 12.000, '1', 'deutsch', ''),
(253, '3-7941-4317-5', 'Elsa Entchen ganz allein', '', 81, 1999, 9, '', 12.000, '2', 'deutsch', ''),
(254, '3-7957-0420-0', 'Im Konzert', '', 105, 2003, 9, '', 12.000, '1', 'deutsch', ''),
(255, '3-473-338303', 'So geht das Jahr durchs Land', 'Ein Jahreszeiten Bilderbuch', 5, 1982, 9, '', 2.000, '8', 'deutsch', ''),
(256, '3-219-10890-3', 'Nachts. wenn die Bären tanzen', '', 67, 2000, 9, '', 12.000, '1', 'deutsch', ''),
(257, '3-473-30495-6', 'Komm mit. kleiner Hund', '', 5, 1998, 9, '', 12.000, '2', 'deutsch', ''),
(258, '3-473-33290-9', 'Wieso? Weshalb? Warum? Junior - Der Bauernhof', '', 5, 2004, 14, '', 7.950, '1', 'deutsch', ''),
(259, '?', 'Kleine Ente. wo bist Du?', '', 5, 2002, 9, '', 7.950, '1', 'deutsch', ''),
(260, '3-8157-2742-1', 'Der Mond sagt allen gute Nacht', '', 101, 2003, 9, '', 5.000, '1', 'deutsch', ''),
(261, '3-473-31521-4', 'Meine ersten Fahrzeuge', '', 5, 2003, 9, '', 14.950, '1', 'deutsch', ''),
(262, '3-7607-7400-8', 'Kuckuck. wo bist Du?', 'Das 99. Schaf sucht Emma', 7, 2003, 9, '', 6.900, '1', 'deutsch', ''),
(263, '3-473-30731-9', 'Ich bin das kleine Schweinchen', '', 5, 1997, 9, '', 2.000, '1', 'deutsch', ''),
(264, '3-473-31194-4', 'Sachen suchen', '', 5, 2004, 9, '', 4.950, '4', 'deutsch', ''),
(265, '3-85195-508-0', 'Das schwarze Huhn', '', 68, 1994, 9, '', 4.000, '2', 'deutsch', ''),
(266, '1-87628-299-1', 'Australian Animals ABC', '', 96, 2003, 9, '', 0.000, '1', 'englisch', ''),
(267, '174021189-8', 'Koala''s Big Day', '', 96, 2002, 9, '', 0.000, '1', 'englisch', ''),
(268, '3-937054-26-X', 'Mats und die Wundersteine', 'Eine Geschichte mit 2 Enden', 70, 2000, 9, '', 5.000, '2', 'deutsch', ''),
(269, '3-8266-1346-5', 'Agile Software-Entwicklung', '', 84, 2003, 15, '', 34.950, '1', 'deutsch', ''),
(270, '3-423-62015-3', 'Der Zahlenteufel', 'ein Kopfkissenbuch f€r alle. die Angst vor der Mathematik ha', 17, 1999, 14, '', 11.000, '5', 'deutsch', ''),
(271, '3-442-15054-X', 'Zwilling der Unendlichkeit', 'Eine Biographie der Zahl Null', 58, 2002, 15, '', 10.000, '1', 'deutsch', ''),
(272, '3-426-62736-1', 'Das Syndikat der Spinne', '', 106, 2002, 17, '', 0.000, '2', 'deutsch', ''),
(273, '3-426-62742-6', 'Der Jäger', '', 106, 2001, 17, '', 0.000, '2', 'deutsch', ''),
(274, '3-7643-5093-8', 'Die Zahl e - Geschichte und Geschichten', '', 64, 1996, 3, '', 28.000, '9', 'deutsch', ''),
(275, '3-499-61176-7', 'Pi - Magie einer Zahl', '', 13, 2000, 3, '', 7.500, '1', 'deutsch', ''),
(276, '3-7607-1079-4', 'Mit Ida Bohatta durch das Jahr', '', 7, 1996, 9, '', 11.900, '1', 'deutsch', ''),
(277, '3-572-00820-4', 'Eßdolmetscher Frankreich', '', 107, 1997, 7, '', 5.000, '', '', ''),
(278, '3-530-42174-x', 'Vom ersten Tag an anders', 'Das wiebliche und das m€nnliche Gehirn', 94, 2004, 15, '', 0.000, '1', 'deutsch', ''),
(279, '3-423-33069-4', 'Pasta all''infinito', 'Meine italienische Reise in die Mathematik', 17, 2003, 3, '', 0.000, '3', 'deutsch', ''),
(280, '3-492-24119-0', 'Sie belieben wohl zu scherzen. Mr. Feynman!', 'Abenteuer eies neugierigen Physikers', 3, 2004, 24, '', 0.000, '', 'deutsch', ''),
(281, '155184', 'Der Dativ ist dem Genitiv sein Tod', 'Ein Wegweiser durch den Irrgarten der deutschen Sprache', 109, 2004, 15, '', 0.000, '', 'deutsch', ''),
(282, '3-492-23773-8', 'Es ist so einfach', 'Vom Vergnügen Dinge zu entdecken', 3, 2003, 19, '', 9.900, '1.', 'deutsch', ''),
(283, '3-492-22166-1', 'Kümmert Sie was andre Leute denken?', 'Neue Abenteuer eines neugierigen Physikers', 3, 1996, 19, '', 0.000, '7.', 'deutsch', ''),
(284, '3-492-23902-1', 'Sechs physikalische Fingerübungen', '', 3, 2003, 15, '', 8.900, '5', 'deutsch', ''),
(285, '3-257-22937-2', 'Liebessabotage', '', 4, 1996, 17, '', 8.900, '1', 'deutsch', ''),
(286, '3-257-23455-4', 'Im Namen des Lexikons', '', 4, 2003, 17, '', 7.090, '', 'deutsch', ''),
(287, '3-593-37071-9', 'Cafe Andromeda', 'Eine fantastische Reise durch die moderne Physik', 110, 2003, 15, '', 0.000, '1', 'deutsch', ''),
(289, '3-540-22193-X', 'Das Geheimnis des kürzesten Weges', 'Ein mathematisches Abenteuer', 12, 2003, 15, '', 0.000, '2', 'deutsch', ''),
(290, '3-462-02953-3', 'Vorübergehend unsteblich', 'Eine Malaussene Geschichte', 109, 2000, 17, '', 6.500, '', 'deutsch', ''),
(291, '3-462-03250-X', 'Adel vernichtet', 'Eine Malaussene Geschichte', 109, 2003, 17, '', 8.900, '1', 'deutsch', ''),
(292, '3-462-03099-X', 'Monsieur Malaussene', '', 109, 2002, 17, '', 12.900, '1', 'deutsch', ''),
(293, '3-462-03337-9', 'Sündenbock im Bücherdschungel', 'Ein Malaussene Roman', 109, 2003, 17, '', 9.900, '1', 'deutsch', ''),
(294, '3-462-03157-0', 'Wenn alte Damen schießen', 'Ein Malaussene Roman', 109, 2002, 17, '', 9.900, '1', 'deutsch', ''),
(295, '3-462-03019-1', 'Paradies der Ungeheuer', 'Ein Malsussene Roman', 109, 2004, 17, '', 9.900, '2', 'deutsch', ''),
(296, '3-492-04353-4', 'Mathematik für die Westentasche', '', 3, 2005, 15, '', 9.900, '1', 'deutsch', ''),
(297, '3-406-52320-X', 'Die Musik der Primzahlen', 'Auf den Spuren des größten Rätsels der Mathematik', 112, 2004, 3, '', 0.000, '1', 'deutsch', '');

--
-- Insert wurde in 2 Teile geteilt, weil PHP-Admin sonst keine Fehlermeldung ausgibt, falls was schief geht.
--
INSERT INTO Buch (BuchId, ISBNnummer, Titel, Untertitel, VerlagId, Erscheinungsjahr, BuchsorteId, Kurzbeschreibung, Preis, Auflage, Sprache, Titelbild) VALUES
(298, '3-8274-1422-9', 'Lexikon der Optik 2', 'M bis Z', 8, 2003, 15, '', 0.000, '1', 'deutsch', ''),
(299, '3-8274-1422-9', 'Lexikon der Optik 1', 'A bis L', 8, 2003, 15, '', 0.000, '1', 'deutsch', ''),
(300, '978-3-492-04894-1', 'QED', 'Die seltsame Theorie des Lichts und der Materie', 3, 2006, 15, '', 12.900, '', 'deutsch', ''),
(301, '3-426-66124-1', 'Das große Buch der Feen und Elfen', 'illustriert von Friedrch Hechelmann', 106, 2004, 26, '', 22.000, '', 'deutsch', ''),
(302, '3-9806792-0-9', 'Das Spiele-Buch', 'Brett- und Legespiele aus aller Welt Herkunft Regeln Geschic', 113, 1999, 15, '', 25.000, '', 'deutsch', ''),
(303, '3-522-42520-0', 'Ophelias Schattentheater', '', 115, 1988, 10, '', 12.800, '', 'deutsch', ''),
(304, '3-8289-8112-7', 'Das große Bilder-Buch zum Schreiben', '', 94, 2006, 4, '', 12.000, '', '', ''),
(305, '3-85502-921-0', 'Das gro€e Buch der Labyrinthe und Irrgärten', 'Geschichte Verbeitung Bedeutung', 114, 2003, 15, '', 0.000, '', 'deutsch', ''),
(306, '3-8310-0202-9', 'Tiere', 'Die große Bild-Enzyklopädie', 90, 2001, 15, '', 25.000, '', 'deutsch', ''),
(307, '3-551-35365-4', 'Das Traumfresserchen', '', 72, 2004, 9, '', 6.500, '', 'deutsch', ''),
(308, '960-539-620-3', 'eikones apo ta epagelmata', '', 79, 1999, 9, '', 0.000, '', 'griechisch', ''),
(309, '3-411-09751-5', 'De Schildkröte', 'die Schnecke. die Muschel und das G€rteltier', 117, 1997, 14, '', 7.900, '', 'deutsch', ''),
(310, '3-411-09721-3', 'Die Kuh', '', 117, 1997, 14, '', 7.900, '', 'deutsch', ''),
(311, '3-411-09761-2', 'Die Katze', '', 117, 1997, 14, '', 7.900, '', 'deutsch', ''),
(312, '3-411-08681-5', 'Der Biber', '', 117, 1994, 14, '', 7.900, '', 'deutsch', ''),
(313, '3-411-07035-8', 'Der Igel', '', 117, 2004, 14, '', 7.900, '', 'deutsch', ''),
(314, '3-411-07036-6', 'Die Vulkane', '', 117, 2004, 14, '', 7.900, '', 'deutsch', ''),
(315, '3-411-09341-2', 'Licht an - Im Zirkus', '', 117, 2000, 14, '', 7.900, '', 'deutsch', ''),
(326, '978-2-01-210139-5', 'Asterix', 'le combat des chefs', 24, 1967, 11, NULL, 8.000, NULL, '', NULL),
(327, '2-01-210134-8', 'Asterix ', 'la Serpe d''or', 24, 1962, 11, NULL, 8.000, NULL, '', NULL),
(328, '2-01-210138-0', 'Asterix ', 'Asterix et cleopatre', 24, 1965, 11, NULL, 8.000, NULL, '', NULL),
(329, '9-782205-001464', 'Asterix ', 'le tour de Gaule d''Asterix', 24, 1965, 11, NULL, 8.000, NULL, '', NULL),
(330, '2-01-210135-6', 'Asterix ', 'Asterix et les Goths', 24, 1963, 11, NULL, 8.000, NULL, '', NULL),
(336, '2-205-00394-1', 'Asterix ', 'Asterix en Hispanie', 24, 1969, 11, NULL, 8.000, NULL, '', NULL),
(337, '2-205-00320-8', 'Asterix ', 'Asterix aux jeux olympics', 24, 1968, 11, NULL, 8.000, NULL, '', NULL),
(338, '2-01-210143-7', 'Asterix ', 'le bouclier Averne', 24, 1963, 11, NULL, 8.000, NULL, '', NULL),
(339, '2-01-210010-4', 'Asterix ', 'Legionnaire', 24, 1963, 11, NULL, 8.000, NULL, '', NULL),
(340, '2-01-210009-0', 'Asterix ', 'Asterix et les Normands', 24, 1967, 11, NULL, 8.000, NULL, '', NULL),
(341, '2-01-210140-2', 'Asterix ', 'Asterix chez les Bretons', 24, 1963, 11, NULL, 8.000, NULL, '', NULL),
(342, '2-01-210153-4', 'Asterix ', 'Le cadeau de Cesar', 24, 1974, 11, NULL, 8.000, NULL, '', NULL),
(343, '2-205-00694-0', 'Asterix ', 'Asterix en Corse', 24, 1973, 11, NULL, 8.000, NULL, '', NULL),
(344, '2-205-00600-2', 'Asterix ', 'les lauriers de Cesars', 24, 1972, 11, NULL, 8.000, NULL, '', NULL),
(345, '2-205-00582-0', 'Asterix ', 'le domaine des dieux', 24, 1971, 11, NULL, 8.000, NULL, '', NULL),
(346, '2-205-00516-2', 'Asterix ', 'Asterix chez les Helvetes', 24, 1970, 11, NULL, 8.000, NULL, '', NULL),
(347, '2-205-01150-2', 'Asterix ', 'Asterix chez les Belges', 24, 1979, 11, NULL, 8.000, NULL, '', NULL),
(348, '2-86497-000-7', 'Asterix ', 'le grand fosse', 24, 1980, 11, NULL, 8.000, NULL, '', NULL),
(349, '2-86497-004-X', 'Asterix ', 'l''odysse d''Asterix', 24, 1981, 11, NULL, 8.000, NULL, '', NULL),
(350, '2-86497-011-2', 'Asterix ', 'le fils d''Asterix', 24, 1983, 11, NULL, 8.000, NULL, '', NULL),
(351, '2-86497-020-1', 'Asterix ', 'Asterix chez rhahazade', 24, 1987, 11, NULL, 8.000, NULL, '', NULL),
(352, '2-86497-053-8', 'Asterix ', 'la rose et le glaive', 24, 1991, 11, NULL, 8.000, NULL, '', NULL),
(353, '2-86497-170-4', 'Asterix ', 'le ciel lui tombe sur la tete', 24, 2005, 11, NULL, 8.000, NULL, '', NULL),
(354, '978-2-01-210154-8', 'Asterix ', 'la grande traversee', 24, 1975, 11, NULL, 8.000, NULL, '', NULL),
(355, '978-2-01-210147-0', 'Asterix ', 'la zizanie', 24, 1970, 11, NULL, 8.000, NULL, '', NULL),
(356, '2-01-210145-3', 'Asterix ', 'Asterix et le chaudron', 24, 1969, 11, NULL, 8.000, NULL, '', NULL),
(357, '978 2 86497 153 5', 'Asterix', 'et la rentree gauloise', 24, 2003, 11, NULL, 8.000, '1', 'französisch', NULL),
(360, '3-446-40165-2', 'Der Termin', 'Ein Roman über Projektmanagement', 118, 1997, 8, 'unterhaltsames Buch über Projektmanagement', NULL, NULL, 'deutsch', NULL),
(361, '3-8274-0313-8', 'Mathematische Expeditionen', 'Ein Streifzug durch die moderne Mathematik', 8, 1988, 15, NULL, 3.000, NULL, 'deutsch', NULL),
(362, '3-8274-1092-4', 'Algorithmik', NULL, 8, 2001, 15, NULL, NULL, NULL, 'deutsch', NULL);


-- --------------------------------------------------------
-- --------------------------------------------------------

--
-- Tabellenstruktur für Tabelle 'AutorBuchZuord'
--

CREATE TABLE IF NOT EXISTS AutorBuchZuord (
  AutorId int(11) NOT NULL,
  BuchId int(11) NOT NULL,
foreign key abz_buchloeschen (BuchId)  references Buch(BuchId)  On delete cascade,
foreign key abz_autorloeschen (AutorId)  references Autor(AutorId)  On delete cascade
) ENGINE=InnoDB DEFAULT CHARSET=utf8 COLLATE=utf8_unicode_ci;

--
-- Daten für Tabelle 'AutorBuchZuord'
--

INSERT INTO AutorBuchZuord (AutorId, BuchId) VALUES
(1, 88),
(3, 10),
(5, 97),
(5, 98),
(5, 99),
(5, 100),
(5, 101),
(5, 102),
(5, 103),
(6, 31),
(7, 7),
(8, 8),
(9, 9),
(9, 66),
(10, 3),
(11, 11),
(12, 12),
(13, 12),
(14, 13),
(15, 16),
(16, 17),
(16, 18),
(16, 19),
(16, 20),
(16, 21),
(16, 34),
(16, 35),
(16, 36),
(17, 112),
(17, 113),
(17, 114),
(17, 115),
(17, 116),
(17, 117),
(17, 118),
(17, 119),
(17, 120),
(17, 121),
(17, 122),
(19, 29),
(24, 30),
(25, 20),
(26, 25),
(27, 24),
(28, 24),
(29, 23),
(30, 22),
(31, 4),
(32, 28),
(33, 27),
(34, 27),
(35, 26),
(35, 326),
(35, 327),
(35, 328),
(35, 329),
(35, 330),
(35, 336),
(35, 337),
(35, 338),
(35, 339),
(35, 340),
(35, 341),
(35, 342),
(35, 343),
(35, 344),
(35, 345),
(35, 346),
(35, 347),
(35, 348),
(35, 349),
(35, 350),
(35, 351),
(35, 352),
(35, 353),
(35, 354),
(35, 355),
(35, 356),
(35, 357),
(36, 26),
(36, 326),
(36, 327),
(36, 328),
(36, 329),
(36, 330),
(36, 336),
(36, 337),
(36, 338),
(36, 339),
(36, 340),
(36, 341),
(36, 342),
(36, 343),
(36, 344),
(36, 345),
(36, 346),
(36, 347),
(36, 348),
(36, 349),
(36, 350),
(36, 351),
(36, 352),
(36, 353),
(36, 354),
(36, 355),
(36, 356),
(36, 357),
(37, 32),
(38, 33),
(39, 37),
(39, 43),
(40, 38),
(42, 40),
(43, 42),
(43, 174),
(43, 175),
(44, 42),
(44, 174),
(44, 175),
(44, 252),
(45, 44),
(46, 46),
(47, 51),
(49, 53),
(50, 54),
(51, 56),
(52, 55),
(53, 55),
(55, 70),
(56, 67),
(56, 68),
(56, 69),
(57, 71),
(58, 74),
(59, 73),
(59, 124),
(60, 75),
(61, 76),
(61, 94),
(62, 77),
(63, 78),
(63, 80),
(64, 79),
(64, 106),
(65, 81),
(66, 82),
(67, 83),
(68, 84),
(69, 85),
(70, 87),
(71, 86),
(72, 93),
(73, 92),
(74, 90),
(74, 91),
(74, 95),
(75, 89),
(76, 96),
(77, 104),
(78, 105),
(79, 107),
(80, 108),
(81, 110),
(81, 111),
(82, 134),
(83, 133),
(84, 132),
(85, 131),
(86, 130),
(87, 135),
(89, 129),
(90, 128),
(91, 125),
(91, 127),
(92, 126),
(93, 125),
(94, 123),
(95, 136),
(96, 150),
(96, 172),
(96, 179),
(96, 229),
(96, 268),
(97, 149),
(98, 148),
(99, 146),
(100, 147),
(101, 145),
(101, 147),
(102, 145),
(103, 137),
(103, 138),
(103, 139),
(103, 211),
(104, 141),
(104, 243),
(105, 141),
(106, 140),
(107, 140),
(108, 142),
(109, 142),
(110, 144),
(111, 144),
(113, 164),
(114, 165),
(115, 163),
(116, 163),
(184, 162),
(118, 162),
(119, 161),
(120, 160),
(120, 212),
(121, 153),
(121, 159),
(121, 183),
(121, 238),
(122, 158),
(123, 158),
(124, 157),
(125, 156),
(125, 257),
(170, 155),
(127, 154),
(128, 152),
(129, 151),
(130, 192),
(131, 184),
(131, 187),
(131, 192),
(131, 224),
(131, 248),
(132, 191),
(133, 191),
(134, 190),
(135, 190),
(136, 189),
(136, 239),
(137, 189),
(137, 239),
(138, 188),
(139, 169),
(139, 186),
(140, 185),
(141, 185),
(142, 182),
(143, 182),
(143, 265),
(144, 181),
(145, 181),
(146, 180),
(147, 180),
(148, 178),
(148, 246),
(149, 177),
(150, 176),
(150, 231),
(151, 176),
(151, 231),
(152, 173),
(153, 170),
(153, 171),
(155, 168),
(156, 167),
(156, 232),
(157, 198),
(158, 198),
(159, 198),
(160, 197),
(161, 196),
(162, 195),
(163, 200),
(164, 200),
(165, 199),
(166, 201),
(167, 203),
(168, 206),
(169, 194),
(169, 209),
(169, 210),
(170, 222),
(170, 259),
(171, 222),
(172, 213),
(173, 214),
(174, 214),
(175, 215),
(176, 219),
(177, 220),
(178, 225),
(178, 235),
(178, 258),
(179, 225),
(179, 258),
(180, 226),
(180, 263),
(181, 227),
(182, 228),
(182, 266),
(182, 267),
(183, 230),
(184, 230),
(185, 232),
(185, 240),
(186, 233),
(187, 233),
(188, 235),
(189, 236),
(190, 240),
(191, 241),
(192, 241),
(194, 168),
(195, 243),
(196, 244),
(197, 244),
(197, 245),
(198, 245),
(199, 247),
(200, 247),
(201, 271),
(202, 249),
(203, 251),
(203, 262),
(204, 251),
(205, 254),
(206, 255),
(207, 256),
(208, 256),
(209, 253),
(210, 252),
(211, 260),
(212, 260),
(213, 261),
(214, 261),
(215, 262),
(216, 272),
(216, 273),
(231, 270),
(218, 269),
(219, 274),
(220, 275),
(221, 276),
(223, 281),
(225, 280),
(225, 282),
(225, 283),
(225, 284),
(225, 300),
(226, 279),
(226, 296),
(227, 285),
(227, 286),
(228, 290),
(228, 291),
(228, 292),
(228, 293),
(228, 294),
(228, 295),
(229, 289),
(232, 287),
(233, 287),
(234, 297),
(235, 301),
(236, 301),
(236, 303),
(236, 304),
(237, 302),
(238, 303),
(238, 307),
(239, 305),
(240, 307),
(241, 360),
(242, 362),
(243, 361);




-- --------------------------------------------------------

--
-- Tabellenstruktur für Tabelle 'Person'
--

CREATE TABLE IF NOT EXISTS Person (
  PersonId int(11) NOT NULL auto_increment,
  Name varchar(30) collate utf8_unicode_ci NOT NULL,
  Vorname varchar(20) collate utf8_unicode_ci NOT NULL,
  Strasse varchar(30) collate utf8_unicode_ci default NULL,
  Ort varchar(30) collate utf8_unicode_ci default NULL,
  Postleitzahl varchar(5) collate utf8_unicode_ci default NULL,
  Telefonnummer varchar(20) collate utf8_unicode_ci default NULL,
  email varchar(30) collate utf8_unicode_ci default NULL,
  PRIMARY KEY  (PersonId)
) ENGINE=InnoDB DEFAULT CHARSET=utf8 COLLATE=utf8_unicode_ci AUTO_INCREMENT=8 ;

--
-- Daten für Tabelle 'Person'
--

INSERT INTO Person (PersonId, Name, Vorname, Strasse, Ort, Postleitzahl, Telefonnummer, email) VALUES
(1, 'Maier', 'Michi', 'Im Wald', 'Irgendwo', '12345', '9876', NULL),
(2, 'Adler', 'Anette', 'Hauptstrasse', 'Frankfort', '324', NULL, NULL),
(3, 'Baer', 'Bianca', 'Van Gogh Strasse', 'Berlin', NULL, NULL, NULL),
(4, 'Celle', 'Cornelia', 'Tuxweg', 'Lindau', NULL, NULL, NULL),
(5, 'Denzel', 'Dieter', 'Waldweg', 'Ulm', NULL, NULL, NULL),
(6, 'Eisbaer', 'eike', 'Wiesental', 'Konstanz', NULL, NULL, NULL),
(7, 'Frisch', 'Frank', 'am Berg', 'Singen', NULL, NULL, NULL);

-- --------------------------------------------------------

--
-- Tabellenstruktur für Tabelle 'Schlagwort'
--

CREATE TABLE IF NOT EXISTS Schlagwort (
  BuchId int(11) NOT NULL,
  Wort varchar(20) collate utf8_unicode_ci NOT NULL,
  foreign key sch_buchloeschen(BuchId) references Buch(BuchId) On delete cascade
) ENGINE=InnoDB DEFAULT CHARSET=utf8 COLLATE=utf8_unicode_ci;

--
-- Daten für Tabelle 'Schlagwort'
--

INSERT INTO Schlagwort (BuchId, Wort) VALUES
(1, 'Marzipan'),
(300, 'Physik'),
(300, 'Licht'),
(300, 'Quanten'),
(297, 'Mathematik'),
(283, 'Physik'),
(283, 'lustig'),
(282, 'lustig'),
(269, 'Softwareentwicklung'),
(269, 'Informatik'),
(271, 'unterhaltsam'),
(271, 'Mathematik'),
(274, 'Mathematik'),
(275, 'Mathematik'),
(279, 'Mathematik'),
(195, 'Linux'),
(195, 'Informatik'),
(280, 'lustig'),
(280, 'Technik'),
(20, 'Tiere'),
(20, 'aussterben'),
(20, 'lustig'),
(90, 'Mathematik'),
(90, 'spannend'),
(91, 'Verschlüsselung'),
(91, 'Geschichte'),
(97, 'Irakkrieg'),
(196, 'Informatik'),
(196, 'Oberfläche'),
(360, 'Informatik'),
(360, 'Management'),
(289, 'Mathematik'),
(289, 'Informatik'),
(361, 'Mathematik'),
(362, 'Informatik');



-- -----------------------------------------------------------------------------
--
-- Tabellenstruktur für Tabelle 'Ausleihe'
--

CREATE TABLE IF NOT EXISTS Ausleihe (
  PersonId int(11) NOT NULL,
  BuchId int(11) NOT NULL,
  Ausleihdatum datetime default NULL,
  Rueckgabedatum datetime default NULL,
  PRIMARY KEY  (PersonId,BuchId),
foreign key a_buecherloeschen(BuchId) references Buch(BuchId) On delete cascade,
foreign key a_personenloeschen(PersonId) references Person(PersonId)On delete no action
) ENGINE=InnoDB DEFAULT CHARSET=utf8 COLLATE=utf8_unicode_ci;



--
-- Daten für Tabelle 'Ausleihe'
--

INSERT INTO Ausleihe (PersonId, BuchId, Ausleihdatum, Rueckgabedatum) VALUES
(1, 26, '2008-11-11 00:00:00', NULL),
(1, 132, '2008-11-03 00:00:00', '2008-11-12 00:00:00'),
(2, 29, '2007-07-01 00:00:00', '2007-09-12 00:00:00'),
(2, 118, '2007-10-24 00:00:00', '2007-11-03 00:00:00'),
(3, 102, '2009-01-01 00:00:00', NULL),
(3, 118, '2007-11-03 00:00:00', '2007-11-10 00:00:00'),
(4, 19, '2006-08-04 00:00:00', '2006-09-04 00:00:00'),
(4, 108, '2003-11-12 00:00:00', NULL),
(5, 168, '2009-01-01 00:00:00', NULL),
(5, 188, '2005-11-11 00:00:00', '2006-11-12 00:00:00'),
(6, 9, '1999-01-01 00:00:00', '2000-02-02 00:00:00'),
(6, 98, '2006-07-06 00:00:00', '2006-07-18 00:00:00'),
(6, 104, '2008-11-12 00:00:00', '2008-11-16 00:00:00'),
(6, 120, '2009-01-01 00:00:00', NULL),
(7, 118, '2008-10-10 00:00:00', '2008-11-23 00:00:00'),
(7, 142, '2008-10-10 00:00:00', '2008-11-23 00:00:00'),
(7, 155, '2008-10-10 00:00:00', '2008-11-23 00:00:00'),
(7, 150, '2008-10-10 00:00:00', '2008-11-23 00:00:00'),
(7, 168, '2008-10-10 00:00:00', '2008-11-23 00:00:00');
